"line_type","chrom","position","ref_seq","alt_seq"
"L17J","5","17024334","GAAAAAAAAA","GAAAAAAAAAA"
"L17J","5","17028183","C","A"
"L17J","5","17052655","GTATATATATATATATATATATAT","GTATATATATATATATATATAT"
"L17J","5","17055025","G","A"
"L17J","5","17055782","CATATATATATATATATATATATATATAT","CATATATATATATATATATATATATATATAT"
"L17J","5","17061415","AATATATATATATATATATATAT","AATATATATATATATATATATATAT"
"L17J","5","17101627","GATATATATATATATATATATATATATAT","GATATATATATATATATATATATATAT"
"L17J","5","17122895","C","T"
"L17J","5","17129952","AATATATATATATATATATATATATATATATATAT","AATATATATATATATATATATATATATATATATATAT"
"L17J","5","17187412","G","A"
"L17J","5","17189164","C","T"
"L17J","5","17203481","C","T"
"L17J","5","17223614","CATATATATATATATATATATATA","CATATATATATATATATATATATATA"
"L17J","5","17231718","G","A"
"L17J","5","17276006","G","A"
"L17J","5","17319226","T","C"
"L17J","5","17337822","CCTCTCTCTCTCTCTCTCTCTCTCTCT","CCTCTCTCTCTCTCTCTCTCTCTCT"
"L17J","5","17342195","CAAAAAAAAA","CAAAAAAAAAA,CAAAAAAAAAAA"
"L17J","5","17361334","G","T"
"L17J","5","17362942","G","T"
"L17J","5","17363749","AAGAGAGAGAGAGAGAGAGAGAGAGAGAGAG","AAGAGAGAGAGAGAGAGAGAGAGAGAGAG"
"L17J","5","17364316","ATTTTTTTTTTTT","ATTTTTTTTTTTTTT,ATTTTTTTTTTTTTTT"
"L17J","5","17379583","G","A"
"L17J","5","17385331","G","A"
"L17J","5","17385585","G","A"
"L17J","5","17393195","C","T"
"L17J","5","17408201","AATATATATATATATATATATATATATAT","AATATATATATATATATATATATATATATATAT"
"L17J","5","17413957","AATATATATATATATATATATATATA","AATATATATATATATATATATATA"
"L17J","5","17435799","TTATATATATATATATATATATATATA","TTATATATATATATATATATATATA"
"L17J","5","17468317","G","A"
"L17J","5","17487518","G","A"
"L17J","5","17491870","C","T"
"L17J","5","17496976","CATATATATATATATATAT","CATATATATATATATATATAT"
"L17J","5","17506641","AATATATATATATATATATATATATATATATATATATATATAT","AATATATATATATATATATATATATATATATATATATATATATAT"
"L17J","5","17507386","TTATATATATATATATATATATATATATAT","TTATATATATATATATATATATATATAT"
"L17J","5","17576327","C","A"
"L17J","5","17665023","C","T"
"L17J","5","17766063","C","T"
"L17J","5","17769036","TACA","TA"
"L17J","5","17769038","CATATATATATATATATA","CATATATATATATATATATA"
"L17J","5","17769367","AATATATATATATATATATATATAT","AATATATATATATATATATATAT"
"L17J","5","17771729","CATATATATATATATATATA","CATATATATATATATATA"
"L17J","5","17782067","C","T"
"L17J","5","17802085","C","T"
"L17J","5","17807448","G","A"
"L17J","5","17838401","C","T"
"L17J","5","17848351","T","C"
"L17J","5","17848355","T","G"
"L17J","5","17848357","T","C"
"L17J","5","17848364","C","T"
"L17J","5","17848367","C","T"
"L17J","5","17848368","A","G"
"L17J","5","17848369","C","T"
"L17J","5","17848370","A","C"
"L17J","5","17848373","A","G"
"L17J","5","17885651","C","T"
"L17J","5","17889078","GATATATATATATATATAT","GATATATATATATATAT"
"L17J","5","17936817","GAAAAAAAA","GAAAAAAAAA"
"L17J","5","17949706","GATATATATATATATATATATATATATA","GATATATATATATATATATATATATA"
"L17J","5","17963318","C","T"
"L17J","5","17972751","CATATATATATATATATATATATATATATATATAT","CATATATATATATATATATATATATATATATAT"
"L17J","5","17979444","G","A"
"L17J","5","18012564","C","T"
"L17J","5","18014013","G","A"
"L17J","5","18021128","G","A"
"L17J","5","18042169","G","A"
"L17J","5","18045658","G","A"
"L17J","5","18046736","C","T"
"L17J","5","18072558","C","T"
"L17J","5","18088881","G","C"
"L17J","5","18111023","C","T"
"L17J","5","18141625","C","T"
"L17J","5","18150283","C","T"
"L17J","5","18190850","CATATATATATATATATATATATAT","CATATATATATATATATATATAT"
"L17J","5","18193785","A","G"
"L17J","5","18193844","T","C"
"L17J","5","18193861","C","T"
"L17J","5","18193894","C","T"
"L17J","5","18193922","C","T"
"L17J","5","18193925","G","A"
"L17J","5","18193963","A","T"
"L17J","5","18194029","A","G"
"L17J","5","18197188","A","C"
"L17J","5","18200037","A","T"
"L17J","5","18206065","TTATATATATATATATATATATATATATATATATATATATAT","TTATATATATATATATATATATATATATATATATATATAT"
"L17J","5","18214981","CATATATATATATATATATATATATATA","CATATATATATATATATATATATATA"
"L17J","5","18235018","G","A"
"L17J","5","18249138","C","T"
"L17J","5","18276019","G","A"
"L17J","5","18283433","G","A"
"L17J","5","18307069","C","A"
"L17J","5","18331094","C","A"
"L17J","5","18338867","TGAGAGAGAGAGAGAGAGAGAGA","TGAGAGAGAGAGAGAGAGAGA"
"L17J","5","18375893","C","T"
"L17J","5","18397577","G","A"
"L17J","5","18404419","C","T"
"L17J","5","18443544","ATTTTTTTTTTT","ATTTTTTTTTTTT,ATTTTTTTTTTTTT"
"L17J","5","18443545","T","TN"
"L17J","5","18465006","C","T"
"L17J","5","18579955","AATATATATATATATATATATATATAT","AATATATATATATATATATATATAT"
"L17J","5","18635055","CTATATATATATATATATATAT","CTATATATATATATATATAT"
"L17J","5","18645540","AATATATATATATATATATATATATATATATATA","AATATATATATATATATATATATATATATATA"
"L17J","5","18650092","GTATATATATATATATATATAT","GTATATATATATATATATAT"
"L17J","5","18656798","CATATATATATATATATATATATA","CATATATATATATATATATATATATA"
"L17J","5","18657309","TTATATATATATATATATATATA","TTATATATATATATATATATA"
"L17J","5","18666277","GATATATATATATATATATATA","GATATATATATATATATATA"
"L17J","5","18708584","C","T"
"L17J","5","18721728","CTTTTTTTTTTTTTT","CTTTTTTTTTTTTTTT,CTTTTTTTTTTTTTTTTT,CTTTTTTTTTTTTTTTT"
"L17J","5","18725607","C","T"
"L17J","5","18786752","C","T"
"L17J","5","18811976","G","T"
"L17J","5","18817581","G","A"
"L17J","5","18929873","AG","AGG"
"L17J","5","18934881","T","C"
"L17J","5","18934893","C","T"
"L17J","5","18935036","C","T"
"L17J","5","18958418","AATATATATATATATATATATATA","AATATATATATATATATATATA"
"L17J","5","18980549","T","C"
"L17J","5","18980637","G","A"
"L17J","5","18980729","A","G"
"L17J","5","18980747","T","C"
"L17J","5","18980824","G","A"
"L17J","5","18980854","G","T"
"L17J","5","18980939","G","A"
"L17J","5","18980947","G","A"
"L17J","5","18981067","A","T"
"L17J","5","18981463","G","A"